title,url,intro,len,methods,len_methods,galdera,galdera_len,erantzuna,erantzuna_len,pausoak,pausoak_len
Cómo cocinar una pechuga de pollo,http://es.wikihow.com/como-cocinar-una-pechuga-de-pollo,"Hay varias formas de cocinar pechuga de pollo, que incluyen cocinarla a la parrilla u hornearla. Sin embargo, existen diferentes maneras de preparar el pollo y algunos tipos de pechuga (como pechuga deshuesada o sin deshuesar) son más apropiados para ciertos métodos de cocina que otros. A pesar de la simplicidad y la popularidad del pollo, es muy fácil arruinar un platillo preparado con esta carne. Si lo cocinas de una manera incorrecta, terminarás con un pollo seco y gomoso, en lugar de suave y húmedo. ¡Una vez que sepas cómo cocinar el pollo adecuadamente, podrás experimentar con tus propias recetas, marinadas y especias!",104,"Hornear pechugas de pollo: 1- Coloca las pechugas de pollo dentro de una bolsa grande de plástico con cierre hermético y golpéalas con un mazo para ablandar carne. Deben tener un grosor de aproximadamente 1 cm (1/2 pulgada). Enfócate en las áreas más gruesas para que las pechugas de pollo tengan el mismo grosor cuando termines. No enjuagues el pollo previamente. Sin embargo, puedes recortar cualquier exceso de grasa.

Si no tienes un mazo para ablandar carne, puedes usar un rodillo de cocina o un frasco.
Si no tienes una bolsa grande de plástico con cierre hermético, puedes usar dos pedazos de plástico para envolver. Sin embargo, las bolsas de plástico son más efectivas evitando que los jugos se esparzan por todos lados.
Para esta receta puedes usar pechugas de pollo sin deshuesar, aunque tardarán más en cocinarse. Si vas a usar este tipo de pechugas, no necesitarás golpearlas. 2- Considera poner en salmuera las pechugas deshuesadas sin piel. Llena un tazón con 1 litro (1 cuarto) de agua. Revuelve 1/4 de taza (20 g) de sal y luego agrega 4 pechugas deshuesadas sin piel. Deja el pollo en salmuera durante 15 minutos y luego retíralo. Enjuaga la salmuera con agua fría y seca las pechugas con toallas de papel.

Para obtener una salmuera más intensa, cubre el tazón con plástico para envolver y déjalo en el refrigerador hasta por 6 horas.
No es necesario que coloques las pechugas de pollo en salmuera, aunque de ese modo serán más jugosas y tendrán más sabor. 3- Precalienta el horno a 230 °C (450 °F). Asegúrate de que la rejilla para hornear esté en el medio del horno. 4- Coloca las pechugas de pollo en un recipiente para hornear grande. Deja un poco de espacio entre cada pechuga. Si las colocas demasiado juntas, no se cocinarán uniformemente. Además, se cocinarán al vapor y no tendrán una agradable capa crocante en la parte superior. 5- Pasa una brocha con aceite de oliva sobre cada pechuga y frota ambos lados con los condimentos. Puedes usar la lista de condimentos de esta receta o los que prefieras. Si vas a usar una mezcla de condimentos, como la de la receta, primero mézclalos en un tazón pequeño. 6- Hornea el pollo durante 15 a 18 minutos o hasta que el termómetro de cocina indique 80 °C (170 °F). A diferencia de la carne, el pollo no puede estar rosado por dentro o semicrudo. Luego de 15 a 18 minutos, abre el horno, y coloca un termómetro de cocina en la parte más gruesa del pollo. Si el termómetro indica 80 °C (170 °F), el pollo estará listo.

Las pechugas de pollo sin deshuesar tardan en hornearse aproximadamente 15 minutos. Ten cuidado de no tocar el hueso cuando insertes el termómetro.
Si la temperatura no indica 80 °C (170 °F), incluso después de 18 minutos de horneado, continúa cocinando el pollo hasta que esté listo.
Si quieres que el pollo esté dorado y crujiente, configura el asador a una temperatura alta durante los últimos 3 a 5 minutos de cocción. 7- Retira el pollo fuera del horno y deja que repose durante 5 a 10 minutos. De esa forma, todos los jugos se asentarán y el pollo estará más tierno y húmedo. Mantén la bandeja cubierta con papel de aluminio mientras la carne repose para que no se enfríe o seque. Preparar pechugas de pollo a la parrilla: 1- Coloca las pechugas de pollo en una bolsa de plástico con cierre hermético y golpéalas con un mazo hasta que tengan 1 cm (1/2 pulgada) de espesor. De esta forma, nivelarás las pechugas para que se cocinen de una manera más uniforme. Si no tienes un mazo, puedes usar un rodillo de cocina o un frasco pesado. Si no tienes bolsas de plástico con cierre hermético que sean lo suficientemente grandes, puedes usar dos pedazos de plástico para envolver.

Enfócate en las áreas gruesas de la pechuga de pollo. Debe tener aproximadamente el mismo grosor por todos lados.
No las enjuagues previamente. Sin embargo, puedes recortar cualquier exceso de grasa.
Puedes usar este método para hornear pechugas de pollo sin deshuesar. Si vas a usar pechugas de pollo con hueso, no es necesario que las golpees hasta que se aplanen. 2- Prepara la marinada. Agrega aceite de oliva, ajo molido, tomillo, orégano, sal, pimienta y cáscara de limón en un tazón grande. Revuelve los ingredientes rápidamente usando un batidor o un tenedor.

Si no puedes encontrar tomillo u orégano seco, puedes usarlos frescos. Si vas a utilizar hierbas frescas, usa el triple.

Puedes usar tu propia marinada o incluso algún aderezo.
Si planeas usar un poco de la marinada durante o después de cocinar las pechugas a la parrilla, sepáralas a un lado en ese momento. Una vez que el pollo crudo entre en contacto con la marinada, no deberás usarla nuevamente. 3- Marina el pollo durante al menos 1 a 2 horas. Colócalo en el tazón en el que hayas mezclado la marinada. Cubre el tazón con plástico para envolver y déjalo en el refrigerador durante al menos 1 a 2 horas. No obstante, será mejor si dejas que se marine durante 4 a 12 horas. 4- Limpia, engrasa la parrilla y precaliéntala a temperatura alta. Limpia la rejilla raspándola. Moja una toalla de papel doblada con aceite vegetal y luego limpia la rejilla con ella. El aceite debe hacer que la rejilla luzca brillante. Configura la hornilla a temperatura alta.
Considera hacer dos zonas de fuego en las que el calor se enfoque en un lado. De esa manera, si el pollo se cocina demasiado, podrás moverlo hacia otro lado de la parrilla para terminar de cocinarlo a una temperatura más baja. 5- Coloca las pechugas de pollo sobre la parrilla cuando se haya terminado de calentar. Si vas a usar dos zonas de fuego, coloca el pollo en la parte más caliente de la parrilla. De ese modo, podrás moverlo hacia la parte más fría si se cocina demasiado rápido. Los pedazos de pollo pueden estar juntos pero sin tocarse. 6- Cocina el pollo durante 3 a 5 minutos en cada lado, girándolo una vez. Cocínalo hasta que la parte inferior se dore, aproximadamente durante 3 a 5 minutos. Usa un par de tenazas para voltear el pollo, luego cocínalo durante otros 3 a 5 minutos. Estará listo cuando el centro ya no luzca rosado y los jugos estén claros.

Si vas a cocinar pollo sin deshuesar, deja que cada lado se cocine durante uno o dos minutos.

A diferencia de la carne de res, debes cocinar el pollo por completo. Si quieres estar completamente seguro de que esté cocido, coloca un termómetro de cocina en la parte más gruesa del pollo. La temperatura debe indicar aproximadamente 80 °C (170 °F). 7- Deja que el pollo repose durante 5 a 10 minutos antes de servirlo. De esa manera, los jugos se impregnarán nuevamente en la carne. Mantén el pollo cubierto con papel de aluminio mientras repose para que no se enfríe o se seque. Saltear pechugas de pollo: 1- Coloca las pechugas de pollo en una bolsa de plástico con cierre hermético y golpéalas con un mazo. Deben medir aproximadamente 1 cm (1/2 pulgada) de espesor. Primero enfócate en las partes más gruesas de las pechugas. Deben tener el mismo grosor por todos lados. De esa forma, se cocinarán más rápido y con mayor uniformidad.

¡Si no tienes un mazo, no hay problema! Usa un rodillo de cocina o un frasco pesado.
Si no puedes encontrar bolsas de plástico con cierre hermético lo suficientemente grandes, usa dos pedazos de plástico para envolver.
No laves las pechugas de pollo con anticipación. Sin embargo, puedes recortar cualquier exceso de grasa.
Este método no es recomendable para pollo sin deshuesar. 2- Condimenta ambos lados del pollo con sal y pimienta. También puedes usar tus propias especias, condimentos y misturas de especias. 3- Calienta una sartén a fuego medio alto hasta que comience a humear un poco. Si no vas a usar una sartén antiadherente, cúbrela ligeramente con aproximadamente 2 a 3 cucharaditas de aceite de cocina. Inclina la sartén de lado a lado para ayudar a que el aceite se esparza a lo largo de toda la superficie. Si vas a usar una sartén antiadherente, no es necesario que la cubras. 4- Coloca el pollo formando una sola capa sobre la sartén. La sartén debe ser lo suficientemente grande para que todas las pechugas de pollo quepan en una sola capa con un poco de espacio entre cada una de ellas. Si la sartén es demasiado pequeña, el pollo se cocinará al vapor. 5- Baja el fuego a medio y cocina el pollo durante 8 a 12 minutos volteándolo de vez en cuando usando una espátula. Estará listo cuando la parte interna ya no luzca rosada y los jugos estén claros. La temperatura debe ser de 80 °C (170 °F).

Coloca un termómetro de cocina en la parte más gruesa del pollo. La temperatura debe ser de 80 °C (170 °F).
Si el pollo se dora demasiado rápido, baja el fuego a medio bajo. 6- Sirve el pollo o úsalo en una receta. El pollo salteado es delicioso, especialmente si lo sirves con un poco de arroz. También puedes cortarlo y servirlo sobre una ensalada, o usarlo en un sándwich. Escalfar las pechugas de pollo: 1- Coloca las pechugas de pollo en la parte inferior de una cacerola grande. No hay problema si las pechugas se superponen, aunque se cocinarán más uniformemente si no lo hacen.

El pollo deshuesado sin piel es el mejor para este método, aunque también puedes usar pollo sin deshuesar.
No laves las pechugas de pollo previamente, ya que solo conseguirás esparcir las bacterias. Todas las bacterias desaparecerán durante el proceso de cocción. 2- Rocía un poco de sal y pimienta sobre el pollo y luego agrega rodajas de limón, tomillo fresco y romero. En este punto, también puedes agregar un poco de salsa de soya para añadir más sabor. 3- Cubre el pollo con agua. El agua debe estar entre 3 a 4 cm (1 a 1 1/2 pulgadas) sobre el pollo. La cantidad de agua que deberás usar dependerá del tamaño de la cacerola. 4- Hierve el agua a fuego medio alto, luego a fuego lento y cúbrela a fuego bajo durante 10 a 15 minutos. Cuanto más gruesas sean las pechugas de pollo, más tardarán en cocinarse. Estarán listas cuando la carne ya no esté rosada por dentro.
Si vas a usar pollo sin deshuesar, deberás cocinarlo durante aproximadamente 20 minutos. 5- Retira el pollo de la cacerola y sírvelo. Usa un par de tenazas para que no te quemes. Puedes servir el pollo como está, cortar o desmenuzar la carne y usarla en alguna receta. También puedes descartar el líquido, o colarlo y usarlo como base para sopas o salsas. ",1820,Nola prestatu oilasko-bularki bat,4,"Oilasko-bularkia prestatzeko hainbat modu daude, parrillan edo labean eginda. Hala ere, oilaskoa prestatzeko hainbat modu daude, eta bularki mota batzuk (adibidez, papar hezurrik gabea edo hezurrik gabea) egokiagoak dira sukaldeko metodo batzuetarako beste batzuk baino. Oilaskoa sinplea eta ezaguna den arren, oso erraza da haragi horrekin prestatutako platertxo bat suntsitzea.Modu desegokian prestatzen baduzu, oilasko lehor eta gomatsua botako duzu, leun eta hezearen ordez. Oilaskoa behar bezala nola prestatu jakin ondoren, zeure errezetekin, marinatuekin eta espeziekin esperimentuak egin ahal izango dituzu!",80,"Laberatu oilasko-bularkiak: 1- Jarri oilasko-bularkiak plastikozko poltsa handi baten barruan, itxitura hermetikoarekin, eta kolpatu mazoarekin haragia biguntzeko. 1 cm inguruko lodiera izan behar dute (1/2 hazbete). Nabarmendu eremurik lodienetan, oilasko-bularkiek bukatzean lodiera bera izan dezaten.Ez garbitu oilaskoa aldez aurretik. Hala ere, gehiegizko gantza murriztu dezakezu. Haragia biguntzeko mazorik ez baduzu, sukaldeko arrabola edo flasko bat erabil dezakezu. Plastikozko poltsa hermetikorik ez baduzu, bi plastiko-zati erabil ditzakezu biltzeko. Hala ere, plastikozko poltsak eraginkorragoak dira, zukuak alde guztietatik zabal ez daitezen.Errezeta honetarako, oilasko-bularkiak erabil ditzakezu hezurrak kendu gabe, baina denbora gehiago beharko dute prestatzeko. Horrelako bularkiak erabili behar badituzu, ez duzu jo beharrik izango. 2- Azalik gabeko bularki hezurgabetuak gatzunetan jartzea. Bete katilu bat litro batekin (laurden bat). Nahastu 1/4 katilu (20 g) gatz eta, ondoren, gehitu 4 bularki hezurrik gabe, azalik gabe.Utzi oilaskoa gatzunetan 15 minutuz eta gero kendu. Garbitu gatzuna ur hotzarekin eta lehortu bularkiak paperezko toallekin. Gatzun biziagoa lortzeko, estali katilua plastikoz bildu eta utzi hozkailuan 6 orduz. Ez da beharrezkoa oilasko-bularkiak gatzunetan jartzea, baina horrela zukutsuagoak izango dira eta zapore handiagoa izango dute.3- Berotu labea 230 °C-an (450 °F). Ziurtatu laberako sareta labearen erdian dagoela. 4- Jarri oilasko-bularkiak laberako ontzi handi batean. Utzi tarte pixka bat bularki bakoitzaren artean. Gehiegi elkartzen badituzu, ez dira modu uniformean prestatuko.Gainera, lurrunetan prestatuko dira, eta goiko aldean ez dute geruza krokanterik izango. 5- Pasatu brotxa oliba-olioarekin bularki bakoitzaren gainean, eta igurtzi bi aldeak ongailuekin. Errezeta honetako ongailuen zerrenda edo nahi dituzunak erabil ditzakezu. Gozagarri nahasketa bat erabili behar baduzu, errezetarena bezalakoa, lehenbizi, katilu txiki batean sartu.6- Laberatu oilaskoa 15-18 minutuz edo sukaldeko termometroak 80 °C (170 °F) adierazi arte. Haragia ez bezala, oilaskoa ezin da barrutik edo erdigordinik egon. 18 minutu ondoren, ireki labea eta jarri sukaldeko termometroa oilaskoaren alderik lodienean.Termometroak 80 °C (170 °F) adierazten badu, oilaskoa prest egongo da. Hezurgabetu gabeko oilasko-bularkiak 15 bat minutuz laberatu behar dira. Ez ukitu hezurra termometroa sartzen duzunean. Tenperaturak 80 °C (170 °F) adierazten ez badu, baita labean 18 minutuz egon ondoren ere, oilaskoa prestatzen jarraitu, prest egon arte.Urre-koloreko oilaskoa eta kraskatsua nahi baduzu, konfigura ezazu erretegia tenperatura altuan azken 3-5 minutuetan. 7- Kendu oilaskoa labetik kanpora, eta utzi 5-10 minutuz atseden hartzen. Horrela, zuku guztiak finkatuko dira, eta oilaskoa, berriz, samurragoa eta hezeagoa.Erretilua aluminiozko paperez estalita eduki, haragia hoztu edo lehortu ez dadin. Prestatu oilasko-bularkiak parrillan: 1- Jarri oilasko-bularkiak plastikozko poltsa batean, itxitura hermetikoarekin, eta kolpatu mazo batekin 1 cm (1/2 hazbete) lodi izan arte.Horrela, bularkiak berdinduko dituzu, modu uniformeagoan kuzinatzeko. Mazorik ez baduzu, sukaldeko arrabola edo flasko astuna erabil dezakezu. Behar bezain handiak diren plastikozko poltsa hermetikorik ez baduzu, biltzeko bi plastiko-zati erabil ditzakezu.Nabarmendu oilasko-bularkiaren eremu lodietan. Gutxi gorabehera lodiera bera izan behar du alde guztietatik. Ez garbitu aldez aurretik. Hala ere, gehiegizko gantza murriztu dezakezu. Metodo hau erabil dezakezu hezurgabetu gabeko oilasko-bularkiak labekatzeko. Oilasko-bularki hezurdunak erabili behar badituzu, ez duzu kolperik hartu behar zapaldu arte.2- Marinatua prestatzen du. Oliba-olioa, baratxuri ehoa, ezkaia, oreganoa, gatza, piperbeltza eta limoi-azala ditu katilu handi batean. Nahastu berehala osagaiak irabiagailu edo sardexka bat erabiliz. Ezkairik edo oregano lehorrik aurkitzen ez baduzu, freskoak erabil ditzakezu. Belar freskoak erabili behar badituzu, erabili hirukoitza.Zure marinatua edo apaingarriren bat erabil dezakezu. Bularkiak parrillan prestatu bitartean edo ondoren marinatua pixka bat erabili nahi baduzu, banandu alde batean. Oilasko gordina marinatuarekin kontaktuan jartzean, ez duzu berriro erabili behar.3- Itsatsi oilaskoa gutxienez 1-2 orduz. Jar ezazu marinatua nahastu duzun katiluan. Estali katilua plastikoz, biltzeko, eta utzi hozkailuan gutxienez 1-2 orduz. Hala ere, hobe da 4-12 orduz alde egiten baduzu.4- Garbitu, koipeztatu parrilla eta jarri tenperatura altuan. Garbitu sareta arraspatuz. Busti landare-olioz tolestutako paperezko eskuoihal bat, eta garbitu gero sareta horrekin. Olioak sareta distiratsu bihurtu behar du. Konfigura ezazu su txikia tenperatura altuan. Beroa alde batean fokatzeko bi su-eremu egiten ditu.Hala, oilaskoa gehiegi egosten bada, parrillaren beste aldera gogaikarri egin daiteke, tenperatura baxuagoan kozinatzeko. 5- Berotu ondoren, jarri oilasko-bularkiak parrillaren gainean. Bi su-eremu erabili behar badituzu, jarri oilaskoa parrillaren alderik beroenean.Hala, azkarrago prestatzen bada, alderik hotzenera mugituko duzu. Oilasko-zatiak elkarrekin egon daitezke, baina ukitu gabe. 6- Prestatu oilaskoa 3-5 minutuz alde bakoitzean, eta biratu behin. Egosi beheko aldea gorritu arte, 3-5 minutuz gutxi gorabehera.Erabili kurrika pare bat oilaskoa iraultzeko; ondoren, egosi beste 3-5 minutuz. Prest egongo da erdiguneak haria ez badu eta zukuak argi badaude. Oilaskoa hezurrik gabe prestatu behar baduzu, utzi alde bakoitza minutu batean edo bitan egosten. Res haragia ez bezala, oilaskoa osorik prestatu behar duzu.Erabat ziur egon nahi baduzu egosita dagoela, jarri sukaldeko termometroa oilaskoaren alderik lodienean. Tenperaturak 80 °C (170 °F) inguru adierazi behar du. 7- Zerbitzatu aurretik, utzi oilaskoa 5-10 minutuz. Horrela, zukuak berriro haragian bustiko dira.Estali oilaskoa aluminiozko paperez, eta estali, hoztu edo lehortu ez dadin. Salteatu oilasko-bularkiak: 1- Jarri oilasko-bularkiak plastikozko poltsa batean, itxitura hermetikoarekin, eta kolpatu mazoarekin. 1 cm (1/2 hazbete) inguruko lodiera neurtu behar dute.Lehenik eta behin, haserretu bularkien alderik lodienetan. Lodiera bera izan behar dute alde guztietatik. Horrela, azkarrago eta uniformeago prestatuko dira. Katilurik ez baduzu, ez dago arazorik! Erabili sukaldeko arrabola edo flasko astuna. Ezin baduzu itxitura hermetiko handia duen plastikozko poltsarik aurkitu, erabili bi plastiko-zati biltzeko.Ez garbitu oilasko-bularkiak aldez aurretik. Hala ere, gehiegizko gantza murriztu dezakezu. Metodo hau ez da gomendagarria hezurrik kendu gabeko oilaskoarentzat. 2- Gozatu oilaskoaren bi aldeak gatzarekin eta piperbeltzarekin. Espeziak, ongailuak eta espezien misturak ere erabil ditzakezu. 3- Berotu zartagin bat su ertainean, pixka bat bustitzen hasi arte.Zartagin itsasgaitza erabili behar ez baduzu, estali pixka bat 2 edo 3 koilarakadatxo sukalde-olio erabilita. Okertu zartagina alderik alde, olioa gainazal osoan zabal dadin. Zartagin itsasgaitza erabili behar baduzu, ez duzu zertan estali.4- Jarri oilaskoa zartaginean geruza bakar bat osatuz. Zartaginak behar bezain handia izan behar du, oilasko-bularki guztiak geruza bakar batean kepia daitezen, bakoitzaren artean tarte pixka bat utzita. Zartagina txikiegia bada, oilaskoa lurrunetan prestatuko da.5- Jaitsi sua erdira eta prestatu oilaskoa 8-12 minutuz, noizean behin espatula erabiliz. Prest egongo da barnealdeak haririk ez badu eta zukuak argi badaude. Tenperaturak 80 °C (170 °F) izan behar du. Jarri sukaldeko termometroa oilaskoaren alderik lodienean.Tenperaturak 80 °C (170 °F) izan behar du. Oilaskoa azkarregi erretzen bada, jaitsi sua erdi baxuan. 6- Oilaskoa errezeta batean zerbitzatzen du. Oilasko salteatua zoragarria da, bereziki arroz pixka batekin zerbitzatzen baduzu. Moztu eta entsaladan zerbitza dezakezu, edo sandwich batean erabili.Eskalfatu oilasko-bularkiak: 1- Jarri oilasko-bularkiak lapiko handi baten behealdean. Ez dago arazorik bularkiak gainjartzen badira, baina uniformeago prestatuko dira, bestela. Azalik gabeko oilasko hezurgabetua da metodorik onena, baina hezurrik gabe oilaskoa ere erabil dezakezu.Ez garbitu aldez aurretik oilasko-bularkiak, bakterioak zabaltzea besterik ez duzu lortuko eta. Bakterio guztiak desagertu egingo dira egoste-prozesuan. 2- Bota gatz eta piperbeltz pixka bat oilaskoaren gainean, eta gehitu limoi-xerrak, ezkai freskoa eta erromeroa. Puntu honetan, soia-saltsa pixka bat ere erants dezakezu, zapore gehiago eransteko.3- Estali oilaskoa urarekin. Urak 3 - 4 cm (1 - 1/2 hazbete) izan behar du oilaskoaren gainean. Zenbat ur erabili behar duzun, apaizaren tamainaren araberakoa izango da. 4- Irakin ura su ertainean, gero su motelean eta estali su baxuan 10-15 minutuz.Zenbat eta lodiagoak izan oilasko-bularkiak, hainbat eta denbora gehiago beharko dute janaria prestatzeko. Haragia barrutik arrosa ez dagoenean egongo dira prest. Oilaskoa hezurrik gabe erabili behar baduzu, 20 bat minutuz prestatu beharko duzu. 5- Kendu oilaskoa lapikotik eta bota. Erabili kurrika pare bat zu ez erretzeko.Oilaskoa dagoen bezala zerbitzatu, haragia moztu edo txikitu eta errezetaren batean erabil dezakezu. Likidoa ere baztertu dezakezu, edo zopa edo saltsetarako oinarri gisa erabili.",1209
Cómo pintar letras en madera,http://es.wikihow.com/como-pintar-letras-en-madera,"En el mundo de las manualidades, trabajar con madera puede ser un poco intimidante. Ya sea que vayas a pintar un letrero o que quieras añadir un toque personalizado a tus muebles, puede ser complicado crear letras definidas con un acabado profesional en una superficie de madera. Esta tarea requiere preparación, así que tener paciencia es clave. Además de eso, tendrás que conseguir artículos especiales para pintar en madera y aprender cómo crear letras hermosas en este material.",78,"Preparar la madera: 1- Cubre tu superficie de trabajo. Sin importar el cuidado que tengas, es mejor cubrir cualquier superficie que no quieras manchar. En este proyecto utilizarás agua, polvo, imprimante, pintura y barniz, por lo que hay muchas oportunidades para hacer un desastre. Coloca una toalla vieja o unos periódicos en la mesa o la sección del piso donde vayas a trabajar. 2- Limpia la madera. Incluso si se ve limpia, será mejor que limpies un poco la superficie. Humedece un trapo con un poco de agua y pásalo por la superficie. Asimismo, si vas a pintar algún mueble o un letrero con algún herraje, retíralo antes de empezar.
Si hay agujeros o grietas en la superficie que quieres pintar, tendrás que aplicar un producto tapaporos para madera. 3- Lija la madera. Este paso es importante por varias razones. Por ejemplo, si vas a trabajar con parte de un mueble que tiene alguna especie de brillo o laca en la superficie, tendrás que lijar el área para quitar el producto. De esta manera, la pintura podrá adherirse a la superficie. Por otro lado, si vas a trabajar con una madera nueva con una superficie irregular, al lijarla crearás un lienzo liso listo para pintar.

Aplica solo un poco de presión y haz movimientos en la dirección de la veta de la madera. De lo contrario, la superficie quedará arañada y áspera.
Utiliza una lija de grano 100 para quitar cualquier acabado que tenga la madera. Una vez que termines, puedes utilizar la lija de un grano mayor para alisar la superficie. 4- Desempolva la madera. Una vez que termines de lijar, quedará polvo en la superficie. Incluso si se ve bastante limpia, será mejor que la desempolves. Puedes hacerlo con una brocha grande y limpia, o con otro trapo.
Deshacerte del polvo de la madera cuidadosamente ayudará a que la pintura se adhiera a la superficie en lugar de a las partículas que queden. 5- Aplica un imprimante a la madera. Antes de empezar a usar los colores divertidos que hayas elegido, es importante que utilices un imprimante. Este crea una base perfecta para aplicar la pintura, ya que sella los poros de la madera y permite que la pintura se adhiera correctamente. El imprimante también sirve para evitar que la pintura se descascare y se destiña.
Si vas a pintar un color de fondo, puedes utilizar un imprimante blanco o gris. Si solo vas a añadir las letras, será mejor que sea transparente. Usar diseños o plantillas: 1- Diseña las letras. Si confías en tu habilidad para escribir a mano alzada, puedes saltarte este paso. Sin embargo, si este no es tu caso y prefieres asegurarte que las letras queden perfectas y parejas, puedes diseñarlas en la computadora. Puedes escribir lo que deseas en Microsoft Word y luego trasladar el diseño a la madera.

Abre Microsoft Word, haz clic en el menú “Archivo” y selecciona “Configurar página”. Elige el tamaño de hoja que coincida con el tamaño de la madera que vas a pintar o elige dimensiones personalizadas.
Escribe lo que deseas pintar en el documento tal como quieres que se vea en la madera. Dado que la hoja está configurada para coincidir con el tamaño de la madera, puedes diseñar con las medidas precisas.
Al terminar, imprime el documento. 2- Transfiere las letras a la madera. Existe una gran variedad de métodos para trasladar las letras impresas a la madera y algunos dan resultados más precisos que otros. Uno de ellos consiste en cortar las letras de papel y trazar el contorno. Esto solo funcionará si las letras son grandes y fáciles de cortar. El segundo método funciona para cualquier tipo de letra.

Dale la vuelta a la página impresa de tal manera que veas la cara en blanco. Con un lápiz, colorea todas las partes donde hay tinta en el reverso de la página. En otras palabras, tendrás que frotar el grafito del lápiz en la parte posterior de las letras impresas.

Dale la vuelta a la hoja y colócala sobre la madera. Las letras impresas deben quedar hacia arriba. Utiliza el lápiz nuevamente para trazar las líneas de cada letra.
Una vez que termines, retira el papel. El grafito de la parte posterior del papel se transferirá a la madera con la presión de cada trazo. De esta manera, solo tendrás que rellenar el interior de las líneas con pintura y así crearás letras perfectas. 3- Compra plantillas de letras. Puedes conseguir plantillas cortadas en una tienda de manualidades de tu localidad. Estas son perfectas para pintar sobre madera. Asimismo, si buscas una fuente o tamaño en particular, puedes comprarlas por Internet. Para obtener el mejor resultado, necesitarás un pincel para plantillas y un pegamento en aerosol.

Tómate tu tiempo para colocar la plantilla en el lugar que deseas de la madera, tal como quieres que queden las letras. Con el lápiz, marca la plantilla para indicar en qué parte de la madera va a quedar.
Sacude la lata de pegamento en aerosol y aplica una capa delgada a la plantilla. De esta manera, podrás pegarla a la madera y así asegurarte de que no se mueva o que la pintura se corra mientras pintas.
Una vez que la plantilla esté pegada a la madera, utiliza el pincel para plantillas para aplicar la pintura acrílica a la madera cuidadosamente.
Permite que la pintura se seque por unos minutos antes de retirar la plantilla. Pintar letras a mano alzada: 1- Ten varios pinceles a la mano. Cuando se trata de pintar a mano alzada, es útil tener una gran variedad de pinceles de distintos tamaños y texturas para escoger. Los pinceles con cerdas firmes y cuadradas son excelentes para crear el contorno grueso y recto de las letras, mientras que los pinceles más pequeños son más útiles para crear detalles. Si te sientes más cómodo escribiendo las letras, considera que puedes conseguir rotuladores acrílicos en la mayoría de las tiendas de manualidades. 2- Utiliza una regla para asegurarte de que las letras queden derechas. Si quieres que las letras estén parejas a lo largo de la superficie de madera, es buena idea crear un borde recto primero. Puedes crear una línea suave para seguir con tu lápiz, como los renglones de una hoja de cuaderno. También puedes crear una línea superior, de tal manera que sepas lo grandes que pueden ser las letras. Puedes crear cualquier tipo de marca que consideres útil para crear letras derechas y de tamaño uniforme. 3- Pinta las letras con cuidado. Vierte un poco de pintura en un plato descartable o en una hoja de papel y empieza a pintar. Sé cuidadoso y sigue las líneas o marcas que hayas colocado en la madera para guiarte, a menos que tengas en mente un proyecto más extravagante. Ten un contenedor con agua a la mano para poder enjuagar los pinceles antes de cambiar de color.
Si cometes un error, utiliza un trapo húmedo y limpio para retirar la pintura. De esta manera, podrás quitar una mancha que todavía esté fresca. Dar los acabados a la madera: 1- Permite que las letras se sequen. La pintura acrílica se secará rápidamente, pero es mejor darle unas cuantas horas a fin de asegurarse de que quede completamente seca. Si necesitas aplicar una segunda capa de pintura a las letras, hazlo luego de que la primera capa se seque. Por lo general, esto es necesario cuando se trabaja con colores claros, como el blanco o los tonos pasteles. 2- Aplica un barniz de poliuretano transparente. Básicamente, se trata de una capa final que sellará las letras pintadas en la madera. De esta manera, evitarás que se descascaren o se rayen. Además, te asegurarás de que tu trabajo dure mucho tiempo. Puedes conseguir este tipo de barniz en tiendas de manualidades o ferreterías. 3- Permite que el barniz se seque por completo. Es buena idea dejar que el proyecto terminado y sellado se seque por 24 horas antes de volver a usarlo. Una vez que esté completamente seco, estará listo. Ya sea que vayas a regalarlo o lo guardes para ti mismo, puedes enorgullecerte de tu proyecto en madera. ",1362,Nola margotu letrak zurez,4,"Eskulanen munduan, zurarekin lan egitea beldurgarri samarra izan daiteke. Letrero bat pintatu nahi baduzu edo altzariei ukitu pertsonalizatua eman nahi badiezu, zaila izan daiteke zurezko gainazal batean akabera profesional batekin definitutako letrak sortzea. Zeregin horretarako prestakuntza behar da, eta, beraz, pazientzia izatea funtsezkoa da.Horrez gain, artikulu bereziak lortu beharko dituzu zurez pintatzeko eta material horretan letra ederrak nola sortu ikasteko.",60,"Egurra prestatzea: 1- Zure lan-azala estaltzen du. Kontu handiz ibili gabe, hobe da zikindu nahi ez duzun edozein gainazal estaltzea. Proiektu honetan ura, hautsa, inprimatzailea, pintura eta berniza erabiliko dituzu; beraz, hondamendi bat egiteko aukera asko daude. Jarri eskuoihal zahar bat edo egunkari batzuk lan egin behar duzun pisuan edo mahaian.2- Zura garbitzen du. Garbi ikusten bada ere, hobe da azala pixka bat garbitzea. Busti zapi bat ur pixka batekin eta pasa gainazaletik. Halaber, altzariren bat edo burdineriaren bat pintatu behar baduzu, kendu hasi aurretik. Pintatu nahi duzun gainazalean zulorik edo pitzadurarik baldin badago, zurezko estalkia jarri beharko duzu.3- Lixatu zura. Urrats hori garrantzitsua da hainbat arrazoirengatik. Adibidez, gainazalean distira edo lakaren bat duen altzari batekin lan egin behar baduzu, eremua lixatu beharko duzu produktua kentzeko. Horrela, pintura gainazalari itsasten ahalko zaio.Bestalde, gainazal irregularra duen zur berri batekin lan egin behar baduzu, hura lixatzean pintatzeko prest dagoen mihisea sortuko duzu. Presio pixka bat baino ez eman, eta egin mugimenduak zurezko zainaren norabidean. Bestela, azala urratua eta latza geldituko da.Erabili 100 pikorreko lixa bat zuraren edozein akabera kentzeko. Amaitutakoan, ale handiagoko lixa erabil dezakezu gainazala leuntzeko. 4- Zura hautsa kentzea. Lixatzen bukatutakoan, hautsa geldituko da gainazalean. Nahiko garbi ikusten bada ere, hobeto izango da hautsa kentzea baino.Brotxa handi eta garbi batekin edo beste trapu batekin egin dezakezu. Zur hautsa kontu handiz kentzeak pintura gainazalean itsasten lagunduko du, geratzen diren partikulen ordez. 5- Eman inprimatzaile bat zurari. Aukeratu dituzun kolore dibertigarriak erabiltzen hasi aurretik, garrantzitsua da inprimatzaile bat erabiltzea.Honek pintura emateko oinarri ezin hobea sortzen du, zuraren poroak zigilatu eta pintura behar bezala itsasteko aukera ematen baitu. Inprimatzaileak pintura gainezka egin eta erdiratzeko ere balio du. Hondoko kolore bat margotu behar baduzu, inprimatzaile zuri edo gris bat erabil dezakezu.Letrak bakarrik gehitu behar badituzu, hobe da gardena izatea. Diseinuak edo txantiloiak erabili: 1- Letrak diseinatzen ditu. Esku hutsez idazteko duzun gaitasunaz fidatzen bazara, urrats hau egin dezakezu. Hala ere, hau ez bada zure kasua, eta letrak perfektu eta bikote geratuko direla ziurtatu nahi baduzu, ordenagailuan diseina ditzakezu.Nahi duzuna idatz dezakezu Microsoft Word-en, eta gero diseinua zurera eraman. Ireki Microsoft Word, egin klik “Fitxategia” menuan eta hautatu “Prestatu orrialdea”. Aukeratu pintatu behar duzun zuraren tamainarekin bat datorren orriaren tamaina, edo hautatu neurri pertsonalizatuak.Idatzi dokumentuan zurean ikusi nahi duzun bezala pintatu nahi duzuna. Orria egurraren tamainarekin bat etortzeko konfiguratuta dagoenez, behar diren neurriekin diseina dezakezu. Amaitzean, inprimatu dokumentua. 2- Letrak zurari transferitzen dizkio. Inprimatutako letrak zurera eramateko metodo ugari daude, eta batzuek beste batzuek baino emaitza zehatzagoak ematen dituzte.Horietako bat paperezko letrak ebakitzea eta ingerada marraztea da. Letrak handiak eta ebakitzeko errazak badira soilik funtzionatuko du horrek. Bigarren metodoak edozein letra motarentzat funtzionatzen du. Eman buelta inprimatutako orriari, aurpegia zuri ikusteko moduan.Arkatz batekin, margotu orrialdearen atzeko aldean tinta duten zati guztiak. Bestela esanda, inprimatutako letren atzeko aldean igurtzi beharko duzu arkatzaren grafitoa. Eman buelta hostoari eta jarri egurraren gainean. Letra inprimatuek gorantz gelditu behar dute.Erabili berriro arkatza letra bakoitzaren lerroak marrazteko. Amaitutakoan, atera papera. Paperaren atzeko aldeko grafitoa zurari transferituko zaio, marra bakoitzaren presioarekin. Horrela, lerroen barrualdea pinturaz bete besterik ez duzu egin behar, eta letra perfektuak sortuko dituzu.3- Letra-txantiloiak erostea. Txantiloiak moztuta lor ditzakezu zure herriko eskulan-denda batean. Hauek ezin hobeak dira zurez pintatzeko. Halaber, iturri edo tamaina jakin bat bilatzen baduzu, Internet bidez eros ditzakezu. Emaitzarik onena lortzeko, txantiloietarako pintzela eta aerosolezko itsasgarria beharko dituzu.Hartu denbora txantiloia zurean nahi duzun tokian jartzeko, letrak nahi duzun bezala. Arkatzarekin, markatu txantiloia zuraren zein zatitan geratuko den adierazteko. Aerosolean dagoen itsasgarri-potoa astindu eta plantillari geruza mehe bat eman.Horrela, zurari itsatsi ahal izango diozu eta, horrela, pintura ez dela mugitzen edo pintatzen duzun bitartean korrika egiten duela ziurtatuko duzu. Txantiloia zurari itsatsita dagoenean, erabili pintzela txantiloietarako pintura akrilikoa zurari kontu handiz aplikatzeko. Txantiloia kendu baino minutu batzuk lehenago pintura lehortzeko aukera ematen du.Margotu letrak esku hutsez: 1- Izan hainbat pintzel eskuan. Esku hutsez pintatu behar denean, tamaina eta egitura desberdinetako pintzelak izatea komeni da. Zerra sendo eta karratuak dituzten pintzelak bikainak dira letren ingerada lodi eta zuzena sortzeko; pintzel txikienak, berriz, erabilgarriagoak dira xehetasunak sortzeko.Letrak idazten erosoago sentitzen bazara, errotuladore akrilikoak lor ditzakezu eskulan-denda gehienetan. 2- Erabili erregela bat letrak eskuinean geratzen direla ziurtatzeko. Zurezko gainazalean letrak elkarrekin egotea nahi baduzu, komeni da lehenik ertz zuzena sortzea.Lerro leun bat sor dezakezu zure arkatzarekin jarraitzeko, adibidez, koadernoko orri bateko rengloiak. Goiko lerro bat ere sor dezakezu, letrak zein handiak izan daitezkeen jakiteko. Eskuineko letrak eta tamaina uniformekoak sortzeko baliagarria den edozein marka sor dezakezu.3- Kontuz margotu letrak. Bota pintura pixka bat baztertutako plater batean edo paper-orri batean, eta hasi pintatzen. Kontu handiz ibili, eta jarraitu zurean zuri laguntzeko jarri dituzun lerro edo markei, proiektu bitxiagoa buruan ez baduzu behintzat.Eduki eskura ura duen edukiontzi bat, kolorez aldatu aurretik pintzelak garbitu ahal izateko. Akatsen bat egiten baduzu, trapu heze eta garbi bat erabili pintura kentzeko. Horrela, oraindik fresko dagoen orban bat kendu ahal izango duzu. Egurrari akaberak ematea: 1- Letrak lehortzeko aukera ematen du.Pintura akrilikoa berehala lehortuko da, baina hobe da ordu batzuk ematea, erabat lehor gera dadin. Letrei beste pintura-geruza bat aplikatu behar badiezu, lehenengo geruza lehortu ondoren egin. Oro har, hori beharrezkoa da kolore argiekin lan egiten denean, hala nola zuriarekin edo pastel-tonuekin.2- Poliuretano-berniz gardena eman. Funtsean, zurean pintatutako letrak zigilatuko dituen azken geruza da. Hartara, ez dira desezkondu edo urratu behar. Gainera, zure lanak luzaroan iraungo duela ziurtatuko duzu. Berniz mota hau eskulan-dendetan edo burdindegietan lor dezakezu.3- Berniza erabat lehortzeko aukera ematen du. Ideia ona da bukatutako eta zigilatutako proiektua berriz erabili baino 24 ordu lehenago lehortzea. Erabat lehortutakoan, prest egongo da. Oparitu edo zuretzat gorde, harro egon zaitezke zurezko proiektuaz.",924
Cómo hacer glaseado,http://es.wikihow.com/como-hacer-glaseado,"Ningún pastel ni cupcake estará completo sin una capa de glaseado dulce. Escoge el glaseado del sabor y consistencia adecuados para combinarlo perfectamente con tu preparación de pastelería. El presente artículo te mostrará las indicaciones para elaborar 5 tipos de glaseado: el glaseado blanco cocido, el de fudge, el de crema de mantequilla, el de queso crema y el glaseado de azúcar en polvo simple.",65,"Glaseado de vainilla cocido: 1- Coloca un tazón en una cacerola con agua a fuego lento. Escoge una cacerola grande como para que entre un tazón, llénala con unos cuantos centímetros de agua y ponla en la cocina a fuego medio. Cuando el agua esté caliente, introduce el tazón.

Asegúrate de que el nivel de agua no sea tan alto para que no entre agua en el tazón.
El agua no deberá hervir; si empieza a calentarse demasiado, baja el fuego. 2- Cuece el glaseado. Pon las claras, el azúcar y el jarabe de maíz en el tazón. Revuélvelo hasta que esté completamente combinado y sigue revolviendo hasta que el azúcar se disuelva y la mezcla se caliente. Emplea un termómetro de repostería para verificar la temperatura del glaseado. Cuando llegue a 70 °C (160 °F), estará listo para batir.

Revisa con cuidado la temperatura del glaseado porque podría cocerse de más.
Si te parece que tomará mucho tiempo el calentar, sube la temperatura del quemador. Llegará a los 70 °C (160 °F) en unos 2 minutos. 3- Bate el glaseado. Con un batidor de alambre o una batidora, bate el glaseado hasta que se vuelva esponjoso y brillante. Añade la vainilla y sigue batiendo durante cinco minutos en total. Sácalo del fuego y úsalo para glasear un pastel. Glaseado de fudge: 1- Hierve el azúcar, el cacao en polvo y la leche. Pon los ingredientes en una cacerola y hiérvelos a fuego medio alto revolviendo constantemente. Cuando hierva, sácala del fuego. 2- Añade la mantequilla, la vainilla y la sal. Añádelas a la mezcla de chocolate hervido sin dejar de revolver, luego pon la cacerola de nuevo en el quemador a fuego medio. Revuelve el glaseado y cocínalo hasta que la mantequilla se derrita y los ingredientes estén completamente combinados. Saca el glaseado del fuego. 3- Bate el glaseado con una cuchara. Mientras el glaseado enfríe, bátelo con una cuchara hasta que se vuelva espeso y brillante. Cuando sea difícil mover la cuchara en el glaseado de fudge, querrá decir que está listo para usar.

Este glaseado tiene una consistencia no muy espesa, así que viértelo en el pastel o los bizcochitos en vez de glasearlos con un cuchillo.
Si la mezcla te parece demasiado líquida, ponla de nuevo al fuego durante unos minutos y deja que espese. Glaseado de crema de mantequilla: 1- Bate la mantequilla. El primer paso consiste en cambiar la consistencia de la mantequilla para que se vuelva suave, esponjosa y fácil de mezclar con los demás ingredientes. Ponla en un tazón y bátela con una batidora de mano o de pedestal durante varios minutos. 2- Añade el azúcar. Sigue batiendo la mantequilla mientras agregas el azúcar. Bate hasta que el azúcar esté completamente incorporada en la mantequilla. 3- Añade la crema y la sal sin dejar de batir. El paso final será batir la crema y la sal hasta que el glaseado esté suave, esponjoso y completamente mezclado. Úsalo para glasear un pastel o bizcochitos de inmediato o refrigéralo para usarlo después.

Podrías adaptar fácilmente este glaseado para preparar una crema de mantequilla de chocolate. Para ello sólo tendrás que añadir unas cuantas cucharadas de cacao.
Agrega unas cuantas gotas de jugo de limón, extracto de almendras u otro saborizante para que combine con el sabor del pastel que hayas preparado.
Prepara una crema de mantequilla colorida agregando unas cuantas gotas de colorante para alimentos. Glaseado de queso crema: 1- Bate el queso crema y la mantequilla. Pon el queso crema y la mantequilla en un tazón. Con una batidora eléctrica o a mano, bate ambos ingredientes hasta que sea una mezcla suave y esponjosa. 2- Añade el azúcar el polvo y la leche. Sigue batiendo la mezcla mientras le agregas el azúcar el polvo y la leche. Bate varios minutos hasta que los ingredientes estén bien combinados y el glaseado tenga la consistencia correcta.

Si necesitas espesar el glaseado, agrega más azúcar en polvo.
Para que el glaseado sea más líquido, agrega una cucharada de leche. Glaseado de azúcar en polvo: 1- Revuelve los ingredientes. Pon el azúcar el polvo, la vainilla y la leche en un tazón. Emplea una cuchara o un batidor de alambre para revolver los ingredientes hasta que estén completamente combinados. Vierte el glaseado sobre el pastel, bizcochos o las galletas que hayas horneado. 2- Personaliza el glaseado. Este glaseado simple podrá personalizarse para crear muchos sabores diferentes. Reemplaza la leche con los ingredientes a continuación si quieres probar sabores distintos:

Jugo de limón
Jugo de naranja
Jarabe de arce
Bourbon
Mermelada de frambuesa
Jarabe de chocolate ",768,Nola egin glaseatua,3,"Pastel eta cupcake guztiak glaseatu gozoko geruzarik gabe egongo dira. Aukeratu zaporearen glaseatua eta loditasuna, gozogintzako prestakinarekin ezin hobeto konbinatzeko. Artikulu honek 5 glaseatze-mota egiteko jarraibideak erakutsiko dizkizu: glaseatu zuri egosiarena, fudge-rena, gurin-kremarena, gazta-kremarena eta azukre-glaseatua hauts sinplean.",38,"Banilla egosizko glasatua: 1- Jarri katilu bat lapiko batean, ura su motelean duela. Aukeratu katilu batean sartzeko moduko kazola handi bat, bete zentimetro batzuk urez eta jarri sukaldean su ertainean. Ura bero dagoenean, sartu katilua. Ziurtatu ur-maila ez dela hain altua, katiluan urik sar ez dadin.Urak ez du irakin behar; gehiegi berotzen hasten bada, jaitsi sua. 2- Egosi glaseatua. Jarri zuringoak, azukrea eta arto-xarabea katiluan. Lehortu erabat konbinatuta egon arte, eta biratu, azukrea disolbatu eta nahastea berotu arte.Gozogintzako termometroa erabiltzen du glasatuaren tenperatura egiaztatzeko. 70 °C-ra iristen denean (160 °F), irabiatzeko prest egongo da. Begiratu arretaz glaseatuaren tenperatura, gehiegi egosi baitaiteke. Berotzeak denbora asko hartuko duela iruditzen bazaizu, igo erregailuaren tenperatura. 70 °C-ra (160 °F) iritsiko da 2 bat minutuan.3- Irabiatu glaseatua. Alanbre-irabiagailu edo irabiagailu batekin, irabiatu glaseatua, harro eta distiratsu bihurtu arte. Gehitu banilla eta jarraitu bost minutuz irabiatzen. Atera sutatik eta erabili pastel bat glasatzeko. Fudge glasatua: 1- Irakin azukrea, kakao-hautsa eta esnea.Jarri osagaiak lapiko batean, eta izoztu su ertainean, etengabe biraka. Irakiten duenean, atera sutatik. 2- Gehitu gurina, banilla eta gatza. Gehitu txokolate irakinduaren nahasteari, errebolberra egiteari utzi gabe; ondoren, jarri lapikoa erregailuan berriro, su ertainean.Nahastu glaseatua eta egosi, gurina urtu eta osagaiak erabat konbinatuta egon arte. Atera glaseatua sutatik. 3- Irabiatu glaseatua koilara batekin. Glaseatua hozten den bitartean, bota koilara batekin, lodi eta distiratsu bihurtu arte. Koilara fudge-glaseatuan mugitzea zaila denean, erabiltzeko prest dagoela esan nahi du.Glasatu honek loditasun ez oso lodia du; beraz, ikusi pastelean edo bizkotxoetan, eta ez glaseatu aizto batekin. Nahastea likidoegia iruditzen bazaizu, jarri berriro sutan minutu batzuez eta utzi loditzen. Gurin-krema glasatzea: 1- Irabiatu gurina.Lehenengo pausoa gurinaren trinkotasuna aldatzea da, leun, harro eta gainerako osagaiekin erraz nahas dadin. Jarri katilu eta banela batean esku- edo pedal-irabiagailu batekin, zenbait minutuz. 2- Gehitu azukrea. Jarraitu gurina irabiatzen, azukrea gehitzen duzun bitartean.Irabiatu azukrea gurinean erabat sartu arte. 3- Gehitu krema eta gatza irabiatzeari utzi gabe. Azkenean, krema eta gatza irabiatu, glaseatua leun, harro eta erabat nahastuta egon arte. Erabili berehala pastel edo bizkotxo bat glasatzeko edo freskatu ondoren erabiltzeko.Glasatu hori erraz egokitu dezakezu txokolate-gurinezko krema prestatzeko. Horretarako, nahikoa duzu koilarakada bat kakao gehitzea. Gehitu limoi-zuku tanta batzuk, almendra-estraktua edo beste zaporebatzuk, prestatu duzun pastelaren zaporearekin konbina dezan. Prestatu gurin-krema koloretsua, eta gehitu elikagaientzako koloratzaile-tanta batzuk.Gazta kremazko glaseatua: 1- Irabiatu gazta eta gurina. Jarri gazta, krema eta gurina katilu batean. Irabiagailu elektriko batekin edo eskuz, irabiatu bi osagaiak nahasketa leun eta harroa izan arte. 2- Gehitu azukrea, hautsa eta esnea. Jarraitu nahasketa irabiatzen, azukrea, hautsa eta esnea gehitzen dizkiozun bitartean.Irabiatu zenbait minutuz, osagaiak ondo konbinatu eta glasatzeak loditasun egokia izan arte. Glaseatua loditu behar baduzu, gehitu azukre gehiago hautsetan. Glaseatua likidoagoa izan dadin, koilarakada bat esne gehitu. Azukre-glaseatua hautsetan: 1- Nahastu osagaiak. Jarri azukrea, hautsa, banilla eta esnea katilu batean.Erabili koilara edo alanbre-irabiagailu bat osagaiak erabat konbinatuta egon arte birmoldatzeko. Bota glaseatua pastelaren, bizkotxoen edo laberatu dituzun galleten gainean. 2- Pertsonalizatu glaseatua. Glaseatze bakun hori pertsonalizatu egin daiteke zapore desberdin asko sortzeko. Jarri esnea osagai hauekin, zapore desberdinak probatu nahi badituzu: limoi-zukua Laranja-zukua Astigar-xarabea Bourbon Mugurdi-marmelada Txokolate-xarabea",502
Cómo escabullirte de forma sigilosa,http://es.wikihow.com/como-escabullirte-de-forma-sigilosa,"¿Quieres escabullirte para escapar de alguien o de algo, o tal vez solo quieres pasar por los pasillos de forma silenciosa, pero no puedes evitar hacer ruido? En este artículo, aprenderás a escabullirte sin importar cuál sea tu objetivo.",39,"Vestirte de forma apropiada: 1- Usa ropa ajustada para no hacer mucho ruido cuando te muevas. Puedes usar jeans, pero evita los pantalones de ejercicio rasposos con el mismo material que los de nieve, ya que te delatarán.

No uses cadenas, collares, pulseras ni nada que cuelgue. ¡Solo usa ropa!
Si es posible, consigue un traje ghillie si estás en un área con hierba alta o un área forestal, para así poder ocultarte. 2- Céntrate en el camuflaje. Usa prendas de color marrón o verde oscuros cuando salgas. Cuando estés dentro de casa, cíñete a los lugares oscuros y usa prendas de color gris.

Usa ropa que te cubra toda la piel, ya que esta será visible cuando la luz brille sobre ella.
Si estás dentro de casa, usa calcetines. Los zapatos son muy pesados y hacen ruido, y los pies desnudos pueden adherirse a las superficies lisas (y por lo tanto hacer ruido). Estar atento: 1- Mantente alerta en todo momento. Siempre actúa como si alguien te estuviera buscando en todo momento. Nunca te relajes y mantente preparado para quedarte quieto al instante. 2- Piensa. No trates de ir corriendo a otro escondite cuando sepas que tu objetivo está justo fuera de la habitación. No hagas ruidos para molestarlo. Mantén el sigilo y el silencio. 3- Si tu objetivo mira en tu dirección, no te muevas. No le reveles tu posición hasta que te diga “¡Te vi!” o algo así. El ojo humano se ve atraído al movimiento; por ello, si te quedas quieto, es muy probable que no te vea. 4- Detente de vez en cuando para revisar el entorno. Asegúrate de que nadie te esté siguiendo y que no haya nadie cerca. Si escuchas pisadas, busca un escondite de inmediato. El escondite no debe ser un lugar en el que te encuentren con facilidad, como el baño o el armario. 5- Sé más astuto que la persona promedio. Las personas suelen mirar a la derecha, la izquierda y hacia atrás, pero no arriba ni abajo. Esconderte debajo de la cama es igual de bueno que hacerlo en la repisa superior de un armario. Usar buenas tácticas para escabullirte: 1- Determina en dónde podría ser más seguro caminar o arrastrarte. Camina cerca de la pared, en donde el piso sea menos propenso a rechinar, sobre todo en las escaleras.
Evita la pared al otro lado de la puerta en todas las habitaciones, de modo que no te descubran al echar un vistazo en la habitación. Si alguien camina hacia ti, quédate quieto y no te muevas por un rato, ý es probable que no te detecten.
Préstale atención al entorno cuando estés fuera de casa. Evita la altura o la hierba, y quédate cerca de un entorno que combine la sombra y la luz, los edificios, y los árboles. Mantente a una altura lo más baja posible y evita los espacios muy abiertos. Si tienes que llegar al otro lado y no hay cobertura en el camino directo, rodéalo con un recorrido circular grande.
Debes saber la ubicación de todo dentro de la casa. Determina en dónde rechinan las tarimas del piso para tener una idea de su ubicación. Identifica las puertas que nunca se cierran y colócate detrás de ellas para tener un escondite temporal y rápido. Encuentra el mejor escondite en cada habitación y todas las posibles rutas de escape. 2- Muévete con mucho cuidado. Cuando te escabulles, todo movimiento cuenta, y es importante que seas tan ágil como un gato, tan silencioso como un ratón e igual de ligero que un ave. Muévete de forma lenta y cuidadosa la mayor parte del tiempo. Sin embargo, a veces tendrás que moverte con rapidez para ir a donde necesitas sin que te noten. Muévete con rapidez cuando estés en un área abierta y quédate en total silencio cuando estés seguro.

Usa el metatarso de los pies siempre que camines, corras o saltes. Esto silenciará tus pies. Lo mejor es caminar en calcetines, pero si necesitas tener los zapatos puestos, camina de forma cuidadosa y lenta con zapatos que no hagan mucho ruido.
Apoya tu peso en el barandal cuando subas o bajes las escaleras. Si caminas sobre un piso que rechina, sujeta un mueble o el barandal para apoyarte, ya que esto te ayudará a hacer menos ruido. 3- Usa toda la cobertura posible cuando te veas obligado a ir a un espacio abierto. Echarte boca abajo te ayudará cuando te escondas detrás de objetos pequeños. Si necesitas buscar algo, solo usa un ojo para que toda tu cabeza no sea visible. Si tienes el cabello largo, recógetelo para que no sea visible y te descubran cuando te escondas. Nunca dejes que tu silueta sea visible contra el horizonte. 4- Aprende a identificar los buenos escondites con rapidez. Empieza a buscar escondites tan pronto como entres a una habitación. Podrías caber entre una cómoda y la pared. Podrías esconderte debajo de un cubrecama arrugado. Si estás en el baño, podrías pararte detrás de la cortina de la ducha y tirar de ella lo suficiente como para ocultarte, de modo que no luzca sospechosa. El espacio pequeño detrás de las sillas y los sofás también sirve. Sin embargo, tienen que estar contra la pared. Tan solo mira a tu alrededor para encontrar escondites más ingeniosos.
Por la noche, usa las sombras a tu favor. 5- Regresa las cosas a su lugar. Si mueves algo, regrésalo a su lugar. Las personas muy observadoras podrán notar si han movido un objeto a una posición diferente. Lo mejor es asumir que hay una persona así si vas a lidiar con un grupo. Usar distracciones: 1- Aprovecha el ruido de cobertura. Muévete cuando algo haga ruido. Debes moverte cuando usen un molinillo de café, el volumen de la televisión sea alto o pase un auto. No lo hagas en otro momento, salvo que sea necesario. Esto es arriesgado.

Un buen momento para moverte es cuando hay ruido de fondo. Si algunas personas están conversando, este será un momento excelente para moverte, ya que probablemente le estén prestando mucha atención a la conversación, y no tanto a las cosas a su alrededor (como a ti escabulléndote).
Si alguien escucha un ruido, esperará para escuchar otro sonido. Si no te mueves por un rato, pensará que ha sido su imaginación y probablemente lo olvide. 2- Lanza algo para cambiar la trayectoria de la persona, lo que hará que se aleje de ti. Si crees que alguien va a encontrarte (si te estás ocultando de alguien), lleva un objeto pequeño que puedas lanzar a una buena distancia, para así generar una distracción que te permita cambiar de escondite.
Otra opción es crear un dispositivo que genere ruido en una habitación cercana. Toma una cuerda clara y átala a algo en el armario. Asegúrate de que sea una cuerda larga. Luego de asegurar el nudo, cierra la puerta del armario lo más que puedas. Ponte en posición en el escondite. Debes sujetar la cuerda con firmeza. Si el objetivo está a punto de encontrarte, tira de ella de forma rápida y fuerte. El objeto al que la has atado se caerá y generará un ruido fuerte. El objetivo correrá hacia el ruido y, al ver que no hay nadie allí, probablemente abandone la habitación. ¡Tan solo asegúrate de que no vea la cuerda! 3- Prepara una buena excusa. Por ejemplo, si te atrapan, podrías decir que estás jugando a las escondidas, estás allí para reparar algo o buscas a alguien o el número de una casa en particular. ",1262,Nola eskabulliratu isilpean,3,"Norbaitengandik edo zerbaitengandik ihes egiteko eskabulatu nahi duzu, edo agian korridoreetatik isilik baino ez duzu pasatu nahi, baina ezin duzu zarata egin? Artikulu honetan, zure helburua zein den kontuan hartu gabe eskabulliratzen ikasiko duzu.",34,"Behar bezala janztea: 1- Jantzi arropa estuak, mugitzean zarata handirik ez egiteko. Jeans erabil dezakezu, baina ez erabili kirol-galtza harraskatuak elurrekoen material berarekin, delateatu egingo zaituzte eta. Ez erabili katerik, lepokorik, eskumuturrekorik eta zintzilik dagoen ezer. Arropa bakarrik erabili! Ahal baduzu, eskuratu ghillie jantzia belar handiko eremu batean edo baso-eremu batean bazaude, horrela ezkutatu ahal izateko.2- Sartu kamuflajean. Janzki marroi edo berde ilunak erabiltzen ditu ateratzen denean. Etxean zaudenean, jarri leku ilunetan eta jantzi gris kolorekoak. Erabili azala estaltzen dizun arropa, argia haren gainean distiratzen duenean ikusiko baita.Etxean bazaude, erabili galtzerdiak. Zapatak oso astunak dira eta zarata egiten dute, eta oin biluziak gainazal lauetara itsats daitezke (eta, beraz, zarata egin). Adi egon: 1- Adi egon uneoro. Beti norbaiten bila ariko bazina bezala jokatu.Ez erlaxatu inoiz, eta egon prest berehala geldirik egoteko. 2- Pentsatu. Ez saiatu beste ezkutaleku batera korrika, zure helburua gelatik kanpo dagoela jakiten duzunean. Ez egin zaratarik eragozpenak sortzeko. Isilik egon. 3- Zure helburua zure norabidean begiratzen baduzu, ez mugitu.Ez esan zure jarrera “ikusi zaitut!” edo antzeko zerbait esan arte. Giza begiak erakarri egiten du mugimendua; horregatik, geldirik geratzen bazara, oso litekeena da zu ez ikustea. 4- Detentea noizean behin, ingurunea berrikusteko. Ziurtatu inor ez dagoela atzetik eta inor ez dagoela gertu.Zapalduta entzuten baduzu, bilatu ezkutaleku bat berehala. Gordelekuak ez du erraz aurkitzen zaituen lekua izan behar, bainua edo armairua bezala. 5- Batez besteko pertsona baino azkarragoa izan. Pertsonek eskuinera, ezkerrera eta atzera begiratzen dute, baina ez gora eta behera.Ohe azpian ezkutatzea armairu baten goiko aldean egitea bezain ona da. Erabili taktika onak eskabullirterako: 1- Zehaztu non izan daitekeen seguruago ibiltzea edo arrastaka ibiltzea. Hormatik hurbil ibiltzen da, zorua ez baita errekausiko, batez ere eskaileretan.Gela guztietan, saihestu atearen beste aldeko pareta, hartara, ez zaituzte ikusiko gelan begiratu ondoren. Norbait zuregana baldin badoa, geldi egon eta ez mugitu tarte batez, litekeena da ez antzematea. Etxea dagoen tokian.Saihestu altuera edo belarra, eta itzali itzala, argia, eraikinak eta zuhaitzak konbinatzen dituen ingurunetik gertu. Ahalik eta altuera txikienean egon, eta ez utzi oso leku irekiak. Beste aldera iritsi behar baduzu eta zuzeneko bidean estaldurarik ez baduzu, errodatu ibilbide zirkular handi batekin.Dena etxean non dagoen jakin behar duzu. Zehaztu non biltzen diren pisuaren tarimak, non dauden jakiteko. Identifikatu ixten ez diren ateak, eta jarri haien atzean, aldi baterako eta azkar ezkutatzeko. Bilatu ezkutalekurik onena gela bakoitzean eta ihesbide posible guztiak.2- Kontuz ibili. Eskabuloak hartzen dituzunean, mugimendu orok du garrantzia, eta garrantzitsua da katu bat bezain bizkorra izatea, sagua hegazti baten berdina bezain isila. Mugitu kontu handiz eta kontu handiz denbora gehiena. Hala ere, gertatu da berdez mugituko zarela gustura joateko, besterik gabe.Mugitu bizkor eremu ireki batean zaudenean, eta isil-isilik geratu seguru zaudenean. Erabili oinetako metatartsoa, baldin eta oinez, korrika edo jauzi egiten baduzu. Horrek zure oinak isilaraziko ditu. Onena galtzerdietan ibiltzea da, baina zapatak jantzita eduki behar badituzu, kontuz eta poliki ibili, zarata handirik egiten ez duten zapatekin.Eskailerak igotzen edo jaisten dituzunean, jarri pisua barandan. Etzanda dagoen pisu batean zoazela, altzari bati edo barandalari eusten diozu, honek zarata gutxiago egiten lagunduko baitizu. 3- Erabili ahalik eta estaldura gehien leku ireki batera joan behar duzunean.Echartek buruz behera lagunduko dizu objektu txikien atzean ezkutatzen zarenean. Zerbait bilatu behar baduzu, begi bat baino ez erabili zure burua ikusteko. Ile luzea baduzu, bildu, ez ikusteko, eta ezkutatzen zarenean ikusiko zaituzte. Ez utzi inoiz zure silueta zeruertzaren kontra ikusten.4- Ikasi ezkutaleku onak azkar identifikatzen. Gela batera sartu bezain laster hasi zara ezkutalekuak bilatzen. Eroso baten eta paretaren artean sar zaitezke. Kupula zimurtu baten azpian ezkuta zaitezke. Komunean bazaude, dutxako gortinaren atzean gelditu eta handik bota ahal izango duzu ezkutatzeko adina, susmagarria izan ez dadin.Aulki eta sofen atzean dagoen espazio txikiak ere balio du. Baina hormaren kontra egon behar dute. Zure ingurura begiratu besterik ez duzu, ezkutaleku bitxiagoak aurkitzeko. Gauez, erabili itzalak zure alde. 5- Gauzak bere lekura itzultzen ditu. Zerbait mugitzen baduzu, bere lekuan gorde.Oso behatzaileek objektu bat beste posizio batera mugitu duten nabaritu ahal izango dute. Onena da onartzea horrelako pertsona bat dagoela talde batekin borrokatu behar baduzu. Distrakzioak erabili: 1- Aprobetxatu estaldura-zarata. Mugitu zerbaitek zarata egiten duenean. Mugitu egin behar duzu kafe-errotatxo bat erabiltzen duzunean, telebistaren bolumena handia denean edo auto bat pasatzen denean.Ez egin beste uneren batean, beharrezkoa ez bada behintzat. Hau arriskutsua da. Atzeko zarata dagoenean mugitzen da une egokia. Pertsona batzuk hizketan ari badira, une bikaina izango da mugitzeko; izan ere, segur aski, arreta handia jarriko diote elkarrizketari, eta ez hainbeste inguruko gauzei (zu zeu buru zarela).Norbaitek zarata entzuten badu, itxaron egingo du beste soinu bat entzuteko. Une batez mugitzen ez bazara, irudimena izan duela pentsatuko du eta, seguru asko, ahaztu egingo du. 2- Pertsonaren ibilbidea aldatzeko zerbait botatzen du, zugandik urruntzeko. Norbait topatuko duzula uste baduzu (norbaitengandik ezkutatzen ari bazara), eraman objektu txiki bat, urrutira bota dezakezuna, ezkutalekuz aldatzeko aukera emango dizun entretenimendua sortzeko.Beste aukera bat da inguruko gela batean zarata sortuko duen gailua sortzea. Hartu soka argi bat eta lotu zerbait armairuan. Soka luzea dela ziurtatu. Korapiloa ziurtatu ondoren, itxi armairuko atea ahalik eta gehien. Jar zaitez ezkutalekuan.Sokari irmo eutsi behar diozu. Helburua aurkitzear badago, tira egin berehala. Lotu duzun objektua erori egingo da eta zarata handia sortuko du. Helburua zaratara joango da, eta han inor ez dagoela ikusita, seguru asko gela utziko du.Soka ez ikustea besterik ez duzu egin behar! 3- Aitzakia ona prestatu. Adibidez, harrapatzen bazaituzte, ezkutuan jolasten ari zarela esan dezakezu, zerbait konpontzeko edo norbait edo etxe jakin bateko zenbakia bilatzen ari zarela.",895
Cómo conseguir a Mario en Super Mario 64 DS,http://es.wikihow.com/como-conseguir-a-mario-en-super-mario-64-ds,¡Conseguir a Mario en Super Mario 64 DS es difícil! Pero esperemos que esta guía te lo haga un poco más fácil.,22,"Pasos: 1- Prende tu DS con el juego de Super Mario 64 DS  y crea un nuevo juego.  2- Empieza el juego y colecciona 8 Estrellas de Poder.  3- Al obtener las 8 Estrellas de Poder, entra a la puerta de arriba hasta a la derecha del primer cuarto del castillo (el cuarto con todas las puertas de los primeros niveles).  4- Cruza el cuarto y abre la puerta para entrar al cuarto con los mini-juegos.  5- Habrá una puerta al final del cuarto, cerca del cajón con los mini-juegos.  6- Entra por ella y habrá una pintura de Mario. Para ahora ya deberías saber qué hacer con todas las pinturas. 7- Tendrás que terminar el nivel yendo a donde está la X en el mapa. Dentro del nivel, tendrás que vencer al  aventándole . ",135,Nola lortu Mario Super Mario 64 ds-n,7,Zaila da Mario Super Mario 64 ds-n lortzea! Baina gida hau errazagoa izatea espero dugu.,15,"Urratsak: 1- Prestatu zure DS Super Mario 64 DS jokoarekin, eta sortu joko berri bat. 2- Jokoa hasi eta 8 botere-izar biltzen ditu. 3- Boterearen 8 izarrak eskuratzean, sartu goiko atean, gazteluaren lehen laurdenaren eskuineraino (laugarrenak lehen mailako ate guztiak ditu).4- Gurutzatu gela eta ireki atea, minijokoekin gelara sartzeko. 5- Ate bat egongo da gelaren amaieran, kaxatik gertu, minijokoekin. 6- Sartu eta Marioren pintura bat egongo da. Orain jakin beharko zenuke zer egin pintura guztiekin.7- Maila amaitu beharko duzu mapan X dagoen lekura joanda. Mailaren barruan, aurrea hartu beharko diozu.",90
